id,color
1,0
24,51
48,102
75,153
96,204
118,255
43,13056
50,13107
26,13158
98,13209
77,13260
85,13311
88,26112
81,26163
102,26214
31,26265
54,26316
46,26367
197,39168
190,39219
211,39270
142,39321
163,39372
155,39423
152,52224
159,52275
138,52326
207,52377
186,52428
194,52479
121,65280
136,65331
157,65382
184,65433
205,65484
226,65535
122,3342336
139,3342387
161,3342438
188,3342489
209,3342540
227,3342591
151,3355392
158,3355443
137,3355494
206,3355545
185,3355596
193,3355647
198,3368448
192,3368499
212,3368550
144,3368601
165,3368652
156,3368703
89,3381504
82,3381555
103,3381606
34,3381657
55,3381708
47,3381759
42,3394560
49,3394611
25,3394662
97,3394713
76,3394764
84,3394815
3,3407616
27,3407667
51,3407718
79,3407769
100,3407820
119,3407871
5,6684672
33,6684723
56,6684774
83,6684825
104,6684876
120,6684927
45,6697728
53,6697779
30,6697830
101,6697881
80,6697932
87,6697983
86,6710784
78,6710835
99,6710886
28,6710937
52,6710988
44,6711039
195,6723840
187,6723891
208,6723942
140,6723993
160,6724044
153,6724095
154,6736896
162,6736947
141,6736998
210,6737049
189,6737100
196,6737151
123,6749952
143,6750003
164,6750054
191,6750105
213,6750156
228,6750207
124,10027008
127,10027059
167,10027110
176,10027161
215,10027212
223,10027263
147,10040064
169,10040115
130,10040166
217,10040217
178,10040268
201,10040319
202,10053120
180,10053171
218,10053222
132,10053273
171,10053324
148,10053375
93,10066176
70,10066227
109,10066278
17,10066329
62,10066380
39,10066431
38,10079232
60,10079283
16,10079334
108,10079385
69,10079436
92,10079487
7,10092288
12,10092339
57,10092390
66,10092441
106,10092492
114,10092543
8,13369344
19,13369395
61,13369446
71,13369497
110,13369548
115,13369599
41,13382400
64,13382451
22,13382502
112,13382553
73,13382604
95,13382655
90,13395456
67,13395507
105,13395558
13,13395609
58,13395660
36,13395711
199,13408512
175,13408563
214,13408614
128,13408665
166,13408716
145,13408767
150,13421568
173,13421619
134,13421670
221,13421721
182,13421772
204,13421823
125,13434624
131,13434675
170,13434726
179,13434777
219,13434828
224,13434879
126,16711680
135,16711731
174,16711782
183,16711833
222,16711884
225,16711935
149,16724736
172,16724787
133,16724838
220,16724889
181,16724940
203,16724991
200,16737792
177,16737843
216,16737894
129,16737945
168,16737996
146,16738047
91,16750848
68,16750899
107,16750950
15,16751001
59,16751052
37,16751103
40,16763904
63,16763955
20,16764006
111,16764057
72,16764108
94,16764159
10,16776960
23,16777011
65,16777062
74,16777113
113,16777164
116,16777215
